[
    {
        "recipient": {
            "id": "5383444175593842"
        },
        "message": {
            "text": null,
            "metadata": null,
            "quick_replies": null,
            "attachment": {
                "type": "template",
                "payload": {
                    "template_type": "generic",
                    "elements": [
                        {
                            "title": "CAROUSEL:Terms: and: Conditions",
                            "image_url": null,
                            "subtitle": null,
                            "default_action": null,
                            "buttons": [
                                {
                                    "type": "web_url",
                                    "url": "https://www.capitalbank.jo/uploads/2020/12/account-opening-packages-general-terms-and-conditions-brochure-arabic-december-2020-compiled-ar.pdf",
                                    "title": "General T&C",
                                    "payload": null,
                                    "webview_height_ratio": null
                                },
                                {
                                    "type": "web_url",
                                    "url": "https://www.capitalbank.jo/en/ica-terms-conditions",
                                    "title": "Chatbot T&C",
                                    "payload": null,
                                    "webview_height_ratio": null
                                },
                                {
                                    "type": "postback",
                                    "url": null,
                                    "title": "Accept",
                                    "payload": "{\"NextID\":\"6f7f7b8d-887e-9ffb-a9d8-3124368c3049\",\"ParamName\":\"terms and conditions EN\",\"ParamValue\":\"Accept\",\"ParamToken\":\"\"}",
                                    "webview_height_ratio": null
                                }
                            ]
                        },
                        {
                            "title": "CAROUSEL:مدفوعات1, كهرباء",
                            "image_url": null,
                            "subtitle": "mobile",
                            "default_action": null,
                            "buttons": null
                        },
                        {
                            "title": "CAROUSEL:مدفوعات1, خدمة الدفع البيانات الجمركية المرحلة2",
                            "image_url": null,
                            "subtitle": "test",
                            "default_action": null,
                            "buttons": null
                        },
                        {
                            "title": "CAROUSEL:مدفوعات1, خدمة الدفع البيانات الجمركية المرحلة2",
                            "image_url": null,
                            "subtitle": "trhj",
                            "default_action": null,
                            "buttons": null
                        },
                        {
                            "title": "CAROUSEL:مدفوعات1, خدمة الدفع البيانات الجمركية المرحلة2",
                            "image_url": null,
                            "subtitle": "tyy",
                            "default_action": null,
                            "buttons": null
                        },
                        {
                            "title": "CAROUSEL:مدفوعات1, خدمة الدفع البيانات الجمركية المرحلة2",
                            "image_url": null,
                            "subtitle": "cc",
                            "default_action": null,
                            "buttons": null
                        },
                        {
                            "title": "CAROUSEL:الشركة الألفية, خدمة الدفع البيانات الجمركية المرحلة2",
                            "image_url": null,
                            "subtitle": "qaws",
                            "default_action": null,
                            "buttons": null
                        },
                        {
                            "title": "CAROUSEL:مدفوعات1, انترنت",
                            "image_url": null,
                            "subtitle": "internet",
                            "default_action": null,
                            "buttons": null
                        },
                        {
                            "title": "CAROUSEL:مدفوعات1, انترنت",
                            "image_url": null,
                            "subtitle": "gt",
                            "default_action": null,
                            "buttons": null
                        }
                    ],
                    "sharable": true,
                    "image_aspect_ratio": "HORIZONTAL"
                }
            }
        },
        "messaging_type": "RESPONSE"
    },
    {
        "recipient": {
            "id": "5383444175593842"
        },
        "message": {
            "text": "أَيّْ مِنْ الفَوَاتِيْرِ السَّابِقَة تُرِيدُ دَفْعُهَا ؟@:@<speak>\n  <p>\n<s>\n  <emphasis level=\"strong\">\nهَيِّلْفَواتِيْيرِلْلِ عِنْدَكْ\n</emphasis>\n</s>\n<s>\nأَيْ وَحْدِهْ بِدَّكْ تِدْفَعْ </s></p>\n  \n \n</speak>",
            "metadata": null,
            "quick_replies": null,
            "attachment": null
        },
        "messaging_type": "RESPONSE"
    }
]
