{"v":"5.5.7","meta":{"g":"LottieFiles AE 0.1.21","a":"","k":"","d":"","tc":""},"fr":25,"ip":0,"op":68,"w":304,"h":372,"nm":"Comp 1","ddd":0,"assets":[],"layers":[{"ddd":0,"ind":1,"ty":3,"nm":"NULL CONTROL ","sr":1,"ks":{"o":{"a":0,"k":0,"ix":11},"r":{"a":0,"k":0,"ix":10},"p":{"a":0,"k":[143.75,167,0],"ix":2},"a":{"a":0,"k":[50,50,0],"ix":1},"s":{"a":0,"k":[100,100,100],"ix":6}},"ao":0,"ip":0,"op":68,"st":0,"bm":0},{"ddd":0,"ind":2,"ty":4,"nm":"MOuth","parent":1,"sr":1,"ks":{"o":{"a":0,"k":100,"ix":11},"r":{"a":0,"k":0,"ix":10},"p":{"a":0,"k":[53.75,73,0],"ix":2},"a":{"a":0,"k":[7.5,18,0],"ix":1},"s":{"a":0,"k":[100,100,100],"ix":6}},"ao":0,"shapes":[{"ty":"gr","it":[{"ind":0,"ty":"sh","ix":1,"ks":{"a":0,"k":{"i":[[-0.106,-0.95],[-9.774,0],[-1.018,9.534],[1.074,0],[7.651,0]],"o":[[1.058,9.492],[9.804,0],[0.082,-0.767],[-14.894,0],[-1.08,0]],"v":[[-18.882,9.128],[0,26],[18.892,9.04],[17.043,7],[-16.913,7]],"c":true},"ix":2},"nm":"Path 1","mn":"ADBE Vector Shape - Group","hd":false},{"ty":"fl","c":{"a":0,"k":[0,0,0,1],"ix":4},"o":{"a":0,"k":100,"ix":5},"r":1,"bm":0,"nm":"Fill 1","mn":"ADBE Vector Graphic - Fill","hd":false},{"ty":"tr","p":{"a":0,"k":[-0.125,12.5],"ix":2},"a":{"a":0,"k":[-0.132,6.905],"ix":1},"s":{"a":1,"k":[{"i":{"x":[0.833,0.833],"y":[0.833,0.833]},"o":{"x":[0.167,0.167],"y":[0.167,0.167]},"t":0,"s":[95,16]},{"i":{"x":[0.833,0.833],"y":[0.833,0.833]},"o":{"x":[0.167,0.167],"y":[0.167,0.167]},"t":8,"s":[115,16]},{"i":{"x":[0.833,0.833],"y":[0.833,0.833]},"o":{"x":[0.167,0.167],"y":[0.167,0.167]},"t":11,"s":[115,97]},{"i":{"x":[0.833,0.833],"y":[0.833,0.833]},"o":{"x":[0.167,0.167],"y":[0.167,0.167]},"t":12,"s":[115,78]},{"i":{"x":[0.833,0.833],"y":[0.833,0.833]},"o":{"x":[0.167,0.167],"y":[0.167,0.167]},"t":13,"s":[115,97]},{"i":{"x":[0.833,0.833],"y":[0.833,0.833]},"o":{"x":[0.167,0.167],"y":[0.167,0.167]},"t":19,"s":[115,16]},{"i":{"x":[0.833,0.833],"y":[0.833,0.833]},"o":{"x":[0.167,0.167],"y":[0.167,0.167]},"t":20,"s":[115,54]},{"i":{"x":[0.833,0.833],"y":[0.833,0.833]},"o":{"x":[0.167,0.167],"y":[0.167,0.167]},"t":23,"s":[115,16]},{"i":{"x":[0.833,0.833],"y":[0.833,0.833]},"o":{"x":[0.167,0.167],"y":[0.167,0.167]},"t":26,"s":[115,97]},{"i":{"x":[0.833,0.833],"y":[0.833,0.833]},"o":{"x":[0.167,0.167],"y":[0.167,0.167]},"t":27,"s":[115,78]},{"i":{"x":[0.833,0.833],"y":[0.833,0.833]},"o":{"x":[0.167,0.167],"y":[0.167,0.167]},"t":28,"s":[115,20]},{"i":{"x":[0.833,0.833],"y":[0.833,0.833]},"o":{"x":[0.167,0.167],"y":[0.167,0.167]},"t":34,"s":[115,67]},{"i":{"x":[0.833,0.833],"y":[0.833,0.833]},"o":{"x":[0.167,0.167],"y":[0.167,0.167]},"t":37,"s":[115,16]},{"i":{"x":[0.833,0.833],"y":[0.833,0.833]},"o":{"x":[0.167,0.167],"y":[0.167,0.167]},"t":40,"s":[115,67]},{"i":{"x":[0.833,0.833],"y":[0.833,0.833]},"o":{"x":[0.167,0.167],"y":[0.167,0.167]},"t":43,"s":[115,16]},{"i":{"x":[0.833,0.833],"y":[0.833,0.833]},"o":{"x":[0.167,0.167],"y":[0.167,0.167]},"t":48,"s":[115,86]},{"i":{"x":[0.833,0.833],"y":[0.833,0.833]},"o":{"x":[0.167,0.167],"y":[0.167,0.167]},"t":51,"s":[90,38]},{"i":{"x":[0.833,0.833],"y":[0.833,0.833]},"o":{"x":[0.167,0.167],"y":[0.167,0.167]},"t":54,"s":[77,77]},{"i":{"x":[0.833,0.833],"y":[0.833,0.833]},"o":{"x":[0.167,0.167],"y":[0.167,0.167]},"t":56,"s":[77,70]},{"i":{"x":[0.833,0.833],"y":[0.833,0.833]},"o":{"x":[0.167,0.167],"y":[0.167,0.167]},"t":57,"s":[77,95]},{"i":{"x":[0.833,0.833],"y":[0.833,0.833]},"o":{"x":[0.167,0.167],"y":[0.167,0.167]},"t":60,"s":[77,47]},{"i":{"x":[0.833,0.833],"y":[0.833,0.833]},"o":{"x":[0.167,0.167],"y":[0.167,0.167]},"t":64,"s":[77,24]},{"t":67,"s":[95,16]}],"ix":3},"r":{"a":0,"k":0,"ix":6},"o":{"a":0,"k":100,"ix":7},"sk":{"a":0,"k":0,"ix":4},"sa":{"a":0,"k":0,"ix":5},"nm":"Transform"}],"nm":"Group 4","np":2,"cix":2,"bm":0,"ix":1,"mn":"ADBE Vector Group","hd":false}],"ip":0,"op":68,"st":0,"bm":0},{"ddd":0,"ind":3,"ty":4,"nm":"Layer 10","parent":1,"sr":1,"ks":{"o":{"a":0,"k":100,"ix":11},"r":{"a":0,"k":0,"ix":10},"p":{"a":0,"k":[46.25,55,0],"ix":2},"a":{"a":0,"k":[0,0,0],"ix":1},"s":{"a":0,"k":[100,100,100],"ix":6}},"ao":0,"shapes":[{"ty":"gr","it":[{"ty":"gr","it":[{"ind":0,"ty":"sh","ix":1,"ks":{"a":0,"k":{"i":[[-1.631,0],[-21.29,0],[-5.72,-2.799],[0,0],[-2.379,-0.076],[-0.542,0.188],[-14.939,0],[-0.691,-0.675],[0,-1.596],[0,0],[1.634,0],[0,-2.886],[0,1.596],[0,0],[10.628,0],[5.059,-2.085],[0,0],[0,0],[0,0],[0,0],[0.732,0.18],[1.855,-0.381],[0.579,-0.283],[0,0],[0,0],[0,0],[0,0],[14.439,0],[3.604,-1.379],[0,0],[0,2.886],[0,0],[0,1.596],[0,0]],"o":[[0.691,-0.675],[17.851,0],[0,0],[0.398,0.141],[2.167,-0.093],[6.529,-3.175],[21.29,0],[1.634,0],[0,0],[0,1.596],[0,0],[0,2.886],[0,0],[-3.603,-1.379],[-11.842,0],[0,0],[0,0],[0,0],[0,0],[-0.245,-0.097],[-2.04,-0.503],[-0.68,0.14],[0,0],[0,0],[0,0],[0,0],[-4.363,-2.033],[-10.628,0],[0,0],[0,1.596],[0,-2.886],[-1.631,0],[0,0],[0,-1.596]],"v":[[-62.045,-42.228],[-32.5,-48],[-5.15,-43.348],[-4.731,-43.141],[0.079,-42.234],[4.642,-43.103],[32.5,-48],[62.045,-42.228],[65,-39.343],[65,-36.457],[62.045,-33.571],[55.144,-30.685],[53.182,-36.457],[53.182,-39.268],[32.5,-43.214],[9.702,-39.029],[9.759,-38.892],[9.756,-36.906],[7.539,-31.556],[4.8,-32.639],[3.296,-33.09],[-2.696,-33.366],[-4.587,-32.733],[-7.23,-31.442],[-9.873,-36.604],[-9.756,-38.898],[-9.675,-39.093],[-32.5,-43.214],[-53.182,-39.269],[-53.182,-36.457],[-56.136,-30.685],[-62.045,-33.571],[-65,-36.457],[-65,-39.343]],"c":true},"ix":2},"nm":"Path 1","mn":"ADBE Vector Shape - Group","hd":false},{"ty":"fl","c":{"a":0,"k":[0.145098045468,0.172549024224,0.184313729405,1],"ix":4},"o":{"a":0,"k":100,"ix":5},"r":1,"bm":0,"nm":"Fill 1","mn":"ADBE Vector Graphic - Fill","hd":false},{"ty":"tr","p":{"a":0,"k":[0,0],"ix":2},"a":{"a":0,"k":[0,0],"ix":1},"s":{"a":0,"k":[100,100],"ix":3},"r":{"a":0,"k":0,"ix":6},"o":{"a":0,"k":100,"ix":7},"sk":{"a":0,"k":0,"ix":4},"sa":{"a":0,"k":0,"ix":5},"nm":"Transform"}],"nm":"Stuff","np":2,"cix":2,"bm":0,"ix":1,"mn":"ADBE Vector Group","hd":false},{"ty":"gr","it":[{"ind":0,"ty":"sh","ix":1,"ks":{"a":0,"k":{"i":[[0,0],[0,-8.661],[-14.851,0],[0,0],[0,9.125],[19.385,0]],"o":[[-19.385,0],[0,7.07],[0,0],[12.365,0],[0,-8.661],[0,0]],"v":[[29.385,-42],[10,-26.498],[27.971,-11],[31,-11],[52,-26.498],[32.615,-42]],"c":true},"ix":2},"nm":"Path 1","mn":"ADBE Vector Shape - Group","hd":false},{"ind":1,"ty":"sh","ix":2,"ks":{"a":0,"k":{"i":[[14.721,0],[0,0],[0,12.836],[-21.713,0],[0,0],[0,-10.373]],"o":[[0,0],[-13.927,0],[0,-10.373],[0,0],[21.713,0],[0,12.069]],"v":[[31,-7],[28.242,-7],[6,-27.5],[29.53,-48],[32.47,-48],[56,-27.5]],"c":true},"ix":2},"nm":"Path 2","mn":"ADBE Vector Shape - Group","hd":false},{"ty":"fl","c":{"a":0,"k":[0.145098045468,0.172549024224,0.184313729405,1],"ix":4},"o":{"a":0,"k":100,"ix":5},"r":1,"bm":0,"nm":"Fill 1","mn":"ADBE Vector Graphic - Fill","hd":false},{"ty":"tr","p":{"a":0,"k":[0,0],"ix":2},"a":{"a":0,"k":[0,0],"ix":1},"s":{"a":0,"k":[100,100],"ix":3},"r":{"a":0,"k":0,"ix":6},"o":{"a":0,"k":100,"ix":7},"sk":{"a":0,"k":0,"ix":4},"sa":{"a":0,"k":0,"ix":5},"nm":"Transform"}],"nm":"Right","np":3,"cix":2,"bm":0,"ix":2,"mn":"ADBE Vector Group","hd":false},{"ty":"gr","it":[{"ind":0,"ty":"sh","ix":1,"ks":{"a":0,"k":{"i":[[0,0],[0,-8.661],[-14.855,0],[0,0],[0,9.125],[19.385,0]],"o":[[-19.385,0],[0,7.07],[0,0],[12.365,0],[0,-8.661],[0,0]],"v":[[-32.615,-42],[-52,-26.498],[-34.029,-11],[-31,-11],[-10,-26.498],[-29.385,-42]],"c":true},"ix":2},"nm":"Path 1","mn":"ADBE Vector Shape - Group","hd":false},{"ind":1,"ty":"sh","ix":2,"ks":{"a":0,"k":{"i":[[14.721,0],[0,0],[0,12.836],[-21.713,0],[0,0],[0,-10.373]],"o":[[0,0],[-13.927,0],[0,-10.373],[0,0],[21.713,0],[0,12.069]],"v":[[-31,-7],[-33.758,-7],[-56,-27.5],[-32.47,-48],[-29.53,-48],[-6,-27.5]],"c":true},"ix":2},"nm":"Path 2","mn":"ADBE Vector Shape - Group","hd":false},{"ty":"fl","c":{"a":0,"k":[0.145098045468,0.172549024224,0.184313729405,1],"ix":4},"o":{"a":0,"k":100,"ix":5},"r":1,"bm":0,"nm":"Fill 1","mn":"ADBE Vector Graphic - Fill","hd":false},{"ty":"tr","p":{"a":0,"k":[0,0],"ix":2},"a":{"a":0,"k":[0,0],"ix":1},"s":{"a":0,"k":[100,100],"ix":3},"r":{"a":0,"k":0,"ix":6},"o":{"a":0,"k":100,"ix":7},"sk":{"a":0,"k":0,"ix":4},"sa":{"a":0,"k":0,"ix":5},"nm":"Transform"}],"nm":"Left","np":3,"cix":2,"bm":0,"ix":3,"mn":"ADBE Vector Group","hd":false},{"ty":"tr","p":{"a":0,"k":[0,0],"ix":2},"a":{"a":0,"k":[0,0],"ix":1},"s":{"a":0,"k":[100,100],"ix":3},"r":{"a":0,"k":0,"ix":6},"o":{"a":0,"k":100,"ix":7},"sk":{"a":0,"k":0,"ix":4},"sa":{"a":0,"k":0,"ix":5},"nm":"Transform"}],"nm":"Wayfarers","np":3,"cix":2,"bm":0,"ix":1,"mn":"ADBE Vector Group","hd":false}],"ip":0,"op":68,"st":0,"bm":0},{"ddd":0,"ind":4,"ty":4,"nm":"Layer 4","parent":1,"sr":1,"ks":{"o":{"a":0,"k":100,"ix":11},"r":{"a":0,"k":0,"ix":10},"p":{"a":0,"k":[46.75,29,0],"ix":2},"a":{"a":0,"k":[0.5,-26,0],"ix":1},"s":{"a":0,"k":[100,100,100],"ix":6}},"ao":0,"shapes":[{"ty":"gr","it":[{"ty":"gr","it":[{"ind":0,"ty":"sh","ix":1,"ks":{"a":0,"k":{"i":[[7.597,6.993],[3.07,6.512],[7.329,-3.516],[7.565,1.606],[7.502,0.446],[8.4,-9.215],[1.221,-2.037],[0.415,-1.879],[0.445,-0.732],[0.773,-0.587],[1.255,-1.517],[1.234,-3.985],[-5.304,-13.006],[-1.288,3.714],[-0.001,0.741],[-6.541,10.088],[-2.011,0.099],[-28.063,1.268],[-2.338,2.466],[-1.823,-3.408],[-2.01,0.038],[-0.413,0.993],[0.328,7.926]],"o":[[5.406,-4.95],[-3.768,-7.995],[-6.908,3.315],[-7.259,-1.541],[-12.325,-0.733],[-1.603,1.758],[-0.977,1.63],[-0.198,0.893],[-0.481,0.79],[-1.567,1.189],[-2.666,3.222],[-4.103,13.245],[0.707,1.734],[0.255,-0.734],[0.005,-2.72],[2.129,-3.284],[1.065,1.693],[12.662,-0.572],[1.029,5.533],[5.266,9.846],[2.01,-0.038],[3.072,-7.375],[-0.427,-10.202]],"v":[[50.68,-101.051],[54.318,-122.551],[35.572,-128.031],[14.95,-125.218],[-6.697,-129.924],[-39.397,-116.871],[-43.512,-111.066],[-46.005,-105.808],[-46.28,-101.978],[-49.349,-99.876],[-53.529,-95.829],[-58.897,-85.257],[-58.043,-43.253],[-53.857,-41.615],[-54.19,-45.55],[-46.143,-76.367],[-32.159,-92.046],[7.783,-80.805],[32.521,-89.532],[47.336,-72.308],[55.781,-42.043],[59.648,-48.273],[62.915,-72.832]],"c":true},"ix":2},"nm":"Path 1","mn":"ADBE Vector Shape - Group","hd":false},{"ty":"fl","c":{"a":0,"k":[0.839215695858,0.701960802078,0.439215689898,1],"ix":4},"o":{"a":0,"k":100,"ix":5},"r":1,"bm":0,"nm":"Fill 1","mn":"ADBE Vector Graphic - Fill","hd":false},{"ty":"tr","p":{"a":0,"k":[0,0],"ix":2},"a":{"a":0,"k":[0,0],"ix":1},"s":{"a":0,"k":[100,100],"ix":3},"r":{"a":0,"k":0,"ix":6},"o":{"a":0,"k":100,"ix":7},"sk":{"a":0,"k":0,"ix":4},"sa":{"a":0,"k":0,"ix":5},"nm":"Transform"}],"nm":"Group 1","np":2,"cix":2,"bm":0,"ix":1,"mn":"ADBE Vector Group","hd":false},{"ty":"tr","p":{"a":0,"k":[0,0],"ix":2},"a":{"a":0,"k":[0,0],"ix":1},"s":{"a":0,"k":[100,100],"ix":3},"r":{"a":0,"k":0,"ix":6},"o":{"a":0,"k":100,"ix":7},"sk":{"a":0,"k":0,"ix":4},"sa":{"a":0,"k":0,"ix":5},"nm":"Transform"}],"nm":"Short-Hair","np":1,"cix":2,"bm":0,"ix":1,"mn":"ADBE Vector Group","hd":false},{"ty":"gr","it":[{"ind":0,"ty":"sh","ix":1,"ks":{"a":0,"k":{"i":[[0.399,6.119],[1.044,5.866],[0.689,0],[1.032,-9.059],[0.213,-2.718],[0.532,-2.124],[2.645,-0.932],[5.637,2.817],[7.482,-4.766],[7.318,-3.656],[6.6,2.327],[0.678,2.707],[0.171,2.195],[0.309,2.708],[0.232,9.109],[0.281,-1.579],[0.388,-5.955],[-1.255,-5.996],[-0.75,-2.828],[-0.373,-3.226],[-3.229,-5.251],[-2.043,-2.045],[-2.122,-2.097],[-5.92,-0.572],[-9.994,0],[-5.312,4.507],[-3.956,3.908],[-1.966,1.969],[-1.561,2.538],[-0.706,6.104],[-0.834,3.143],[-0.599,2.864]],"o":[[-0.388,-5.955],[-0.281,-1.579],[-0.232,9.109],[-0.309,2.708],[-0.172,2.195],[-0.679,2.707],[-6.6,2.327],[-7.318,-3.656],[-7.645,-4.766],[-5.636,2.817],[-2.645,-0.932],[-0.532,-2.124],[-0.213,-2.718],[-1.032,-9.059],[-0.689,0],[-1.044,5.866],[-0.399,6.119],[0.599,2.864],[0.834,3.143],[0.706,6.104],[1.561,2.538],[1.966,1.969],[3.956,3.908],[5.312,4.507],[9.995,0],[5.919,-0.572],[2.122,-2.097],[2.043,-2.045],[3.229,-5.251],[0.373,-3.226],[0.75,-2.828],[1.254,-5.996]],"v":[[60.863,-12.015],[58.234,-29.714],[55.735,-42],[53.67,-14.861],[52.825,-6.726],[52.428,0.246],[45.703,6.411],[27.961,-3.709],[0.582,-3.47],[-26.961,-3.709],[-44.703,6.411],[-51.428,0.246],[-51.825,-6.726],[-52.67,-14.861],[-54.735,-42],[-57.234,-29.714],[-59.862,-12.015],[-58.53,6.163],[-56.481,14.704],[-56.428,27.192],[-49.617,50.451],[-44.184,56.619],[-39.274,63.737],[-23.634,70.543],[0.5,78],[24.635,70.543],[40.274,63.737],[45.184,56.619],[50.617,50.451],[57.428,27.192],[57.481,14.704],[59.531,6.163]],"c":true},"ix":2},"nm":"Path 1","mn":"ADBE Vector Shape - Group","hd":false},{"ind":1,"ty":"sh","ix":2,"ks":{"a":0,"k":{"i":[[0,0],[-0.005,-0.002],[0.006,0.002]],"o":[[0.004,0.002],[-0.005,-0.002],[0,0]],"v":[[-18.155,26.901],[-18.138,26.908],[-18.155,26.901]],"c":false},"ix":2},"nm":"Path 2","mn":"ADBE Vector Shape - Group","hd":false},{"ind":2,"ty":"sh","ix":3,"ks":{"a":0,"k":{"i":[[0,0],[-0.001,0],[0.001,-0.001]],"o":[[0.001,-0.001],[-0.002,0],[0,0]],"v":[[19.142,26.906],[19.146,26.905],[19.142,26.906]],"c":false},"ix":2},"nm":"Path 3","mn":"ADBE Vector Shape - Group","hd":false},{"ind":3,"ty":"sh","ix":4,"ks":{"a":0,"k":{"i":[[0,0],[-2.351,1.389],[-0.439,0.436],[-0.734,-0.434],[-2.183,-1.633],[0.177,-2.966],[9.689,-0.978],[3.737,0],[2.115,-2.353],[0.212,3.559],[-2.21,1.654]],"o":[[2.183,-1.633],[0.734,-0.434],[0.439,0.436],[2.351,1.389],[2.21,1.654],[-0.212,3.559],[-2.115,-2.353],[-3.736,0],[-9.689,-0.978],[-0.177,-2.966],[0,0]],"v":[[-18.82,9.737],[-1.242,6.089],[0.5,4.78],[2.242,6.089],[19.82,9.737],[23.467,18.151],[9.672,31.181],[0.5,27.31],[-8.672,31.181],[-22.467,18.151],[-18.82,9.737]],"c":false},"ix":2},"nm":"Path 4","mn":"ADBE Vector Shape - Group","hd":false},{"ty":"fl","c":{"a":0,"k":[0.172549024224,0.105882354081,0.0941176489,1],"ix":4},"o":{"a":0,"k":100,"ix":5},"r":1,"bm":0,"nm":"Fill 1","mn":"ADBE Vector Graphic - Fill","hd":false},{"ty":"tr","p":{"a":0,"k":[0,0],"ix":2},"a":{"a":0,"k":[0,0],"ix":1},"s":{"a":0,"k":[100,100],"ix":3},"r":{"a":0,"k":0,"ix":6},"o":{"a":0,"k":100,"ix":7},"sk":{"a":0,"k":0,"ix":4},"sa":{"a":0,"k":0,"ix":5},"nm":"Transform"}],"nm":"Group 1","np":5,"cix":2,"bm":0,"ix":2,"mn":"ADBE Vector Group","hd":false}],"ip":0,"op":68,"st":0,"bm":0},{"ddd":0,"ind":5,"ty":4,"nm":"Layer 3","parent":1,"sr":1,"ks":{"o":{"a":0,"k":100,"ix":11},"r":{"a":0,"k":0,"ix":10},"p":{"a":0,"k":[46.25,27,0],"ix":2},"a":{"a":0,"k":[0,-28,0],"ix":1},"s":{"a":0,"k":[100,100,100],"ix":6}},"ao":0,"shapes":[{"ty":"gr","it":[{"ind":0,"ty":"sh","ix":1,"ks":{"a":0,"k":{"i":[[-5.853,-2.318],[0,0],[-4.858,2.332],[0.581,-0.045],[3.412,6.294],[0.076,-0.174]],"o":[[0,0],[5.242,2.081],[0.567,-0.272],[-14.919,1.151],[-0.101,-0.187],[-2.307,5.319]],"v":[[24.766,-37.578],[25.677,-37.176],[43.723,-38.299],[43.321,-39.407],[14.946,-53.847],[14.464,-53.881]],"c":true},"ix":2},"nm":"Path 1","mn":"ADBE Vector Shape - Group","hd":false},{"ty":"fl","c":{"a":0,"k":[0,0,0,1],"ix":4},"o":{"a":0,"k":100,"ix":5},"r":1,"bm":0,"nm":"Fill 1","mn":"ADBE Vector Graphic - Fill","hd":false},{"ty":"tr","p":{"a":0,"k":[0,0],"ix":2},"a":{"a":0,"k":[0,0],"ix":1},"s":{"a":0,"k":[100,100],"ix":3},"r":{"a":0,"k":0,"ix":6},"o":{"a":0,"k":100,"ix":7},"sk":{"a":0,"k":0,"ix":4},"sa":{"a":0,"k":0,"ix":5},"nm":"Transform"}],"nm":"Group 1","np":2,"cix":2,"bm":0,"ix":1,"mn":"ADBE Vector Group","hd":false},{"ty":"gr","it":[{"ind":0,"ty":"sh","ix":1,"ks":{"a":0,"k":{"i":[[5.853,-2.318],[0,0],[4.858,2.332],[-0.581,-0.045],[-3.412,6.294],[-0.076,-0.174]],"o":[[0,0],[-5.242,2.081],[-0.567,-0.272],[14.919,1.151],[0.101,-0.187],[2.307,5.319]],"v":[[-24.766,-37.578],[-25.677,-37.176],[-43.723,-38.299],[-43.321,-39.407],[-14.946,-53.847],[-14.464,-53.881]],"c":true},"ix":2},"nm":"Path 1","mn":"ADBE Vector Shape - Group","hd":false},{"ty":"fl","c":{"a":0,"k":[0,0,0,1],"ix":4},"o":{"a":0,"k":100,"ix":5},"r":1,"bm":0,"nm":"Fill 1","mn":"ADBE Vector Graphic - Fill","hd":false},{"ty":"tr","p":{"a":0,"k":[0,0],"ix":2},"a":{"a":0,"k":[0,0],"ix":1},"s":{"a":0,"k":[100,100],"ix":3},"r":{"a":0,"k":0,"ix":6},"o":{"a":0,"k":100,"ix":7},"sk":{"a":0,"k":0,"ix":4},"sa":{"a":0,"k":0,"ix":5},"nm":"Transform"}],"nm":"Eyebrow","np":2,"cix":2,"bm":0,"ix":2,"mn":"ADBE Vector Group","hd":false},{"ty":"gr","it":[{"d":1,"ty":"el","s":{"a":0,"k":[12,12],"ix":2},"p":{"a":0,"k":[26,-28],"ix":3},"nm":"Ellipse Path 1","mn":"ADBE Vector Shape - Ellipse","hd":false},{"ty":"fl","c":{"a":0,"k":[0,0,0,1],"ix":4},"o":{"a":0,"k":100,"ix":5},"r":1,"bm":0,"nm":"Fill 1","mn":"ADBE Vector Graphic - Fill","hd":false},{"ty":"tr","p":{"a":0,"k":[0,0],"ix":2},"a":{"a":0,"k":[0,0],"ix":1},"s":{"a":0,"k":[100,100],"ix":3},"r":{"a":0,"k":0,"ix":6},"o":{"a":0,"k":100,"ix":7},"sk":{"a":0,"k":0,"ix":4},"sa":{"a":0,"k":0,"ix":5},"nm":"Transform"}],"nm":"Group 2","np":2,"cix":2,"bm":0,"ix":3,"mn":"ADBE Vector Group","hd":false},{"ty":"gr","it":[{"d":1,"ty":"el","s":{"a":0,"k":[12,12],"ix":2},"p":{"a":0,"k":[-26,-28],"ix":3},"nm":"Ellipse Path 1","mn":"ADBE Vector Shape - Ellipse","hd":false},{"ty":"fl","c":{"a":0,"k":[0,0,0,1],"ix":4},"o":{"a":0,"k":100,"ix":5},"r":1,"bm":0,"nm":"Fill 1","mn":"ADBE Vector Graphic - Fill","hd":false},{"ty":"tr","p":{"a":0,"k":[0,0],"ix":2},"a":{"a":0,"k":[0,0],"ix":1},"s":{"a":0,"k":[100,100],"ix":3},"r":{"a":0,"k":0,"ix":6},"o":{"a":0,"k":100,"ix":7},"sk":{"a":0,"k":0,"ix":4},"sa":{"a":0,"k":0,"ix":5},"nm":"Transform"}],"nm":"Eye","np":2,"cix":2,"bm":0,"ix":4,"mn":"ADBE Vector Group","hd":false},{"ty":"gr","it":[{"ind":0,"ty":"sh","ix":1,"ks":{"a":0,"k":{"i":[[0,0],[-6.627,0],[0,0],[0,4.418]],"o":[[0,4.418],[0,0],[6.627,0],[0,0]],"v":[[-12,-10],[0,-2],[0,-2],[12,-10]],"c":false},"ix":2},"nm":"Path 1","mn":"ADBE Vector Shape - Group","hd":false},{"ty":"fl","c":{"a":0,"k":[0,0,0,1],"ix":4},"o":{"a":0,"k":100,"ix":5},"r":1,"bm":0,"nm":"Fill 1","mn":"ADBE Vector Graphic - Fill","hd":false},{"ty":"tr","p":{"a":0,"k":[0,0],"ix":2},"a":{"a":0,"k":[0,0],"ix":1},"s":{"a":0,"k":[100,100],"ix":3},"r":{"a":0,"k":0,"ix":6},"o":{"a":0,"k":100,"ix":7},"sk":{"a":0,"k":0,"ix":4},"sa":{"a":0,"k":0,"ix":5},"nm":"Transform"}],"nm":"Nose","np":2,"cix":2,"bm":0,"ix":5,"mn":"ADBE Vector Group","hd":false}],"ip":0,"op":68,"st":0,"bm":0},{"ddd":0,"ind":6,"ty":4,"nm":"Layer 5","sr":1,"ks":{"o":{"a":0,"k":100,"ix":11},"r":{"a":0,"k":0,"ix":10},"p":{"a":0,"k":[140,259.467,0],"ix":2},"a":{"a":0,"k":[0,87.467,0],"ix":1},"s":{"a":0,"k":[100,100,100],"ix":6}},"ao":0,"shapes":[{"ty":"gr","it":[{"ind":0,"ty":"sh","ix":1,"ks":{"a":0,"k":{"i":[[1.972,0.036],[7.333,-35.333],[0,0],[0,0],[0,0],[0,0],[0,0]],"o":[[4,19.333],[0,0],[0,0],[0,0],[0,0],[0,0],[-2.028,-0.631]],"v":[[31,58],[26,140],[42,140],[56,104],[50,95],[56,89],[37,59]],"c":true},"ix":2},"nm":"Path 1","mn":"ADBE Vector Shape - Group","hd":false},{"ty":"fl","c":{"a":0,"k":[0.184313729405,0.262745112181,0.317647069693,1],"ix":4},"o":{"a":0,"k":100,"ix":5},"r":1,"bm":0,"nm":"Fill 1","mn":"ADBE Vector Graphic - Fill","hd":false},{"ty":"tr","p":{"a":0,"k":[0,0],"ix":2},"a":{"a":0,"k":[0,0],"ix":1},"s":{"a":0,"k":[100,100],"ix":3},"r":{"a":0,"k":0,"ix":6},"o":{"a":0,"k":100,"ix":7},"sk":{"a":0,"k":0,"ix":4},"sa":{"a":0,"k":0,"ix":5},"nm":"Transform"}],"nm":"Group 1","np":2,"cix":2,"bm":0,"ix":1,"mn":"ADBE Vector Group","hd":false},{"ty":"gr","it":[{"ind":0,"ty":"sh","ix":1,"ks":{"a":0,"k":{"i":[[-1.972,0.036],[-7.333,-35.333],[0,0],[0,0],[0,0],[0,0],[0,0]],"o":[[-4,19.333],[0,0],[0,0],[0,0],[0,0],[0,0],[2.028,-0.631]],"v":[[-31,58],[-26,140],[-42,140],[-56,104],[-50,95],[-56,89],[-37,59]],"c":true},"ix":2},"nm":"Path 1","mn":"ADBE Vector Shape - Group","hd":false},{"ty":"fl","c":{"a":0,"k":[0.184313729405,0.262745112181,0.317647069693,1],"ix":4},"o":{"a":0,"k":100,"ix":5},"r":1,"bm":0,"nm":"Fill 1","mn":"ADBE Vector Graphic - Fill","hd":false},{"ty":"tr","p":{"a":0,"k":[0,0],"ix":2},"a":{"a":0,"k":[0,0],"ix":1},"s":{"a":0,"k":[100,100],"ix":3},"r":{"a":0,"k":0,"ix":6},"o":{"a":0,"k":100,"ix":7},"sk":{"a":0,"k":0,"ix":4},"sa":{"a":0,"k":0,"ix":5},"nm":"Transform"}],"nm":"Wing","np":2,"cix":2,"bm":0,"ix":2,"mn":"ADBE Vector Group","hd":false},{"ty":"gr","it":[{"ind":0,"ty":"sh","ix":1,"ks":{"a":0,"k":{"i":[[0,0],[0,0],[0,0],[-1.424,-1.107],[0,0]],"o":[[0,0],[0,0],[1.443,-1.082],[0,0],[0,0]],"v":[[49,116],[58.556,108.833],[58.556,108.833],[63.412,108.876],[70,114]],"c":true},"ix":2},"nm":"Path 1","mn":"ADBE Vector Shape - Group","hd":false},{"ty":"fl","c":{"a":0,"k":[0.901960790157,0.901960790157,0.901960790157,1],"ix":4},"o":{"a":0,"k":100,"ix":5},"r":1,"bm":0,"nm":"Fill 1","mn":"ADBE Vector Graphic - Fill","hd":false},{"ty":"tr","p":{"a":0,"k":[0,0],"ix":2},"a":{"a":0,"k":[0,0],"ix":1},"s":{"a":0,"k":[100,100],"ix":3},"r":{"a":0,"k":0,"ix":6},"o":{"a":0,"k":100,"ix":7},"sk":{"a":0,"k":0,"ix":4},"sa":{"a":0,"k":0,"ix":5},"nm":"Transform"}],"nm":"Pocket-hanky","np":2,"cix":2,"bm":0,"ix":3,"mn":"ADBE Vector Group","hd":false},{"ty":"gr","it":[{"ind":0,"ty":"sh","ix":1,"ks":{"a":0,"k":{"i":[[3.401,-12.08],[0,0],[0,0],[37.796,2.189],[0,-14.306]],"o":[[0,0],[0,0],[0,-38.345],[3.036,11.597],[0,15.209]],"v":[[31.638,140],[100,140],[100,131.052],[32.229,59.174],[37,98.5]],"c":true},"ix":2},"nm":"Path 1","mn":"ADBE Vector Shape - Group","hd":false},{"ind":1,"ty":"sh","ix":2,"ks":{"a":0,"k":{"i":[[-3.045,11.609],[0,-38.687],[0,0],[0,0],[0,0],[0,15.209]],"o":[[-38.272,1.682],[0,0],[0,0],[0,0],[-3.401,-12.08],[0,-14.327]],"v":[[-31.215,59.122],[-100,131.052],[-100,131.052],[-100,140],[-30.638,140],[-36,98.5]],"c":true},"ix":2},"nm":"Path 2","mn":"ADBE Vector Shape - Group","hd":false},{"ty":"fl","c":{"a":0,"k":[0.227450981736,0.298039227724,0.352941185236,1],"ix":4},"o":{"a":0,"k":100,"ix":5},"r":1,"bm":0,"nm":"Fill 1","mn":"ADBE Vector Graphic - Fill","hd":false},{"ty":"tr","p":{"a":0,"k":[0,0],"ix":2},"a":{"a":0,"k":[0,0],"ix":1},"s":{"a":0,"k":[100,100],"ix":3},"r":{"a":0,"k":0,"ix":6},"o":{"a":0,"k":100,"ix":7},"sk":{"a":0,"k":0,"ix":4},"sa":{"a":0,"k":0,"ix":5},"nm":"Transform"}],"nm":"Saco","np":3,"cix":2,"bm":0,"ix":4,"mn":"ADBE Vector Group","hd":false},{"ty":"gr","it":[{"ind":0,"ty":"sh","ix":1,"ks":{"a":0,"k":{"i":[[-21.89,0],[0,-14.864],[21.89,0],[0,14.864]],"o":[[21.89,0],[0,14.864],[-21.89,0],[0,-14.864]],"v":[[0.5,34.934],[40.135,61.848],[0.5,88.761],[-39.135,61.848]],"c":true},"ix":2},"nm":"Path 1","mn":"ADBE Vector Shape - Group","hd":false},{"ty":"fl","c":{"a":0,"k":[0,0,0,1],"ix":4},"o":{"a":0,"k":100,"ix":5},"r":1,"bm":0,"nm":"Fill 1","mn":"ADBE Vector Graphic - Fill","hd":false},{"ty":"tr","p":{"a":0,"k":[0,0],"ix":2},"a":{"a":0,"k":[0,0],"ix":1},"s":{"a":0,"k":[100,100],"ix":3},"r":{"a":0,"k":0,"ix":6},"o":{"a":0,"k":100,"ix":7},"sk":{"a":0,"k":0,"ix":4},"sa":{"a":0,"k":0,"ix":5},"nm":"Transform"}],"nm":"Group 2","np":2,"cix":2,"bm":0,"ix":5,"mn":"ADBE Vector Group","hd":false},{"ty":"gr","it":[{"ind":0,"ty":"sh","ix":1,"ks":{"a":0,"k":{"i":[[0.026,0.349],[0,-37.757],[0,0],[0,0],[0,0],[-37.453,2.545],[0,-0.378],[-18.502,0],[0,11.863]],"o":[[36.976,3.03],[0,0],[0,0],[0,0],[0,-38.099],[-0.03,0.374],[0,11.863],[18.502,0],[0,-0.353]],"v":[[33.96,59.295],[100,131.052],[100,140],[-100,140],[-100,131.052],[-32.955,59.22],[-33,60.348],[0.5,81.828],[34,60.348]],"c":true},"ix":2},"nm":"Path 1","mn":"ADBE Vector Shape - Group","hd":false},{"ty":"fl","c":{"a":0,"k":[1,1,1,1],"ix":4},"o":{"a":0,"k":100,"ix":5},"r":1,"bm":0,"nm":"Fill 1","mn":"ADBE Vector Graphic - Fill","hd":false},{"ty":"tr","p":{"a":0,"k":[0,0],"ix":2},"a":{"a":0,"k":[0,0],"ix":1},"s":{"a":0,"k":[100,100],"ix":3},"r":{"a":0,"k":0,"ix":6},"o":{"a":0,"k":100,"ix":7},"sk":{"a":0,"k":0,"ix":4},"sa":{"a":0,"k":0,"ix":5},"nm":"Transform"}],"nm":"react-path-446","np":2,"cix":2,"bm":0,"ix":6,"mn":"ADBE Vector Group","hd":false},{"ty":"gr","it":[{"ind":0,"ty":"sh","ix":1,"ks":{"a":0,"k":{"i":[[0.026,0.349],[0,-37.757],[0,0],[0,0],[0,0],[-37.453,2.545],[0,-0.378],[-18.502,0],[0,11.863]],"o":[[36.976,3.03],[0,0],[0,0],[0,0],[0,-38.099],[-0.03,0.374],[0,11.863],[18.502,0],[0,-0.353]],"v":[[33.96,59.295],[100,131.052],[100,140],[-100,140],[-100,131.052],[-32.955,59.22],[-33,60.348],[0.5,81.828],[34,60.348]],"c":true},"ix":2},"nm":"Path 1","mn":"ADBE Vector Shape - Group","hd":false},{"ty":"fl","c":{"a":0,"k":[0.149019613862,0.180392161012,0.20000000298,1],"ix":4},"o":{"a":0,"k":100,"ix":5},"r":1,"bm":0,"nm":"Fill 1","mn":"ADBE Vector Graphic - Fill","hd":false},{"ty":"tr","p":{"a":0,"k":[0,0],"ix":2},"a":{"a":0,"k":[0,0],"ix":1},"s":{"a":0,"k":[100,100],"ix":3},"r":{"a":0,"k":0,"ix":6},"o":{"a":0,"k":100,"ix":7},"sk":{"a":0,"k":0,"ix":4},"sa":{"a":0,"k":0,"ix":5},"nm":"Transform"}],"nm":"Group 3","np":2,"cix":2,"bm":0,"ix":7,"mn":"ADBE Vector Group","hd":false}],"ip":0,"op":68,"st":0,"bm":0},{"ddd":0,"ind":7,"ty":4,"nm":"Layer 6","sr":1,"ks":{"o":{"a":0,"k":100,"ix":11},"r":{"a":0,"k":0,"ix":10},"p":{"a":0,"k":[140,190,0],"ix":2},"a":{"a":0,"k":[0,18,0],"ix":1},"s":{"a":0,"k":[100,100,100],"ix":6}},"ao":0,"shapes":[{"ty":"gr","it":[{"ind":0,"ty":"sh","ix":1,"ks":{"a":0,"k":{"i":[[17.237,-8.189],[0,0],[0,0],[0,0],[0,-39.764],[0,0],[0,0],[0,0],[-39.764,0],[0,0],[0,0],[0,0],[2.067,19.806],[0,6.052],[0,0],[-5.675,0.952],[0,0],[0,0],[-30.928,0],[0,0],[0,0],[0,-30.928],[0,0],[0,-5.946],[0,0],[5.825,-0.823]],"o":[[0,0],[0,0],[0,0],[39.764,0],[0,0],[0,0],[0,0],[0,-39.764],[0,0],[0,0],[0,0],[-17.237,-8.189],[-5.825,-0.823],[0,0],[0,-5.946],[0,0],[0,0],[0,-30.928],[0,0],[0,0],[30.928,0],[0,0],[5.675,0.952],[0,0],[0,6.052],[-2.067,19.806]],"v":[[24,40.611],[24,59],[28,59],[28,59],[100,131],[100,140],[-100,140],[-100,131],[-28,59],[-28,59],[-24,59],[-24,40.611],[-55.695,-4.119],[-66,-16],[-66,-30],[-56,-41.834],[-56,-48],[-56,-48],[0,-104],[0,-104],[0,-104],[56,-48],[56,-41.834],[66,-30],[66,-16],[55.695,-4.119]],"c":true},"ix":2},"nm":"Path 1","mn":"ADBE Vector Shape - Group","hd":false},{"ty":"fl","c":{"a":0,"k":[0.68235296011,0.364705890417,0.160784319043,1],"ix":4},"o":{"a":0,"k":100,"ix":5},"r":1,"bm":0,"nm":"Fill 1","mn":"ADBE Vector Graphic - Fill","hd":false},{"ty":"tr","p":{"a":0,"k":[0,0],"ix":2},"a":{"a":0,"k":[0,0],"ix":1},"s":{"a":0,"k":[100,100],"ix":3},"r":{"a":0,"k":0,"ix":6},"o":{"a":0,"k":100,"ix":7},"sk":{"a":0,"k":0,"ix":4},"sa":{"a":0,"k":0,"ix":5},"nm":"Transform"}],"nm":"Group 1","np":2,"cix":2,"bm":0,"ix":1,"mn":"ADBE Vector Group","hd":false}],"ip":0,"op":68,"st":0,"bm":0}],"markers":[]}